project	lines_of_code	classes	interfaces	inheritance	polymorphism	grade
student_58	1908	30	3	14	18	6.33
student_70	2034	21	2	10	15	7.3
student_38	951	14	0	0	6	6.36
student_2	1961	31	9	14	46	7.16
student_49	2703	18	4	12	23	8.9
student_26	1523	17	2	11	13	6.92
student_5	1046	11	3	4	39	5.4
student_15	2118	48	8	19	51	8.55
student_68	3292	31	16	18	76	8.74
student_37	1212	35	2	8	6	5.25
